lirik;emosi;judul;penyanyi
Dirimu peran utama di khayalku Mengganggu lamunanku Dirimu tiada henti mmembayangiku Di saat ku rapuh, terjatuh Tentangmu dan waktu yang tak bisa Sampaikan rinduku dalam penatku Karena perlahan ku percaya Semua indah pada waktunya Dan ku percaya Bukan ku tak ingin memiliki Walau kau tak pernah tahu kau lah yang selalu di hati Hanya ketakutan semakin dalam ku rasakan Biar lelah ini yang mengerti betapa dirimu selalu ku nanti Tiada kau sadari kau sangat berarti Hempasan rindu ini semakin ku nikmati Mimpi ini alasan bagiku untuk tetap bertahan Inikah cinta yang sesungguhnya Bukan ku tak ingin memiliki Walau kau tak pernah tau kau lah yang selalui di hati Hanya ketakutan semakin dalam ku rasakan Biar lelah ini yang mengerti betapa dirimu Biar lelah ini yang mengerti betapa dirimu Selalu ku nanti Selalu ku nanti Selalu ku nanti Selalu ku nanti;sedih;percaya;Golden Melody
Kita memang hanya bisa merencanakan Selebihnya kita hanya bisa berharap Misteri sebuah waktu yang tak pernah bisa Kita tahu ujungnya Tapi itu sempurna Membuat kita berusaha Yang terbaik yang kita bisa Seandainya tahu apa yang akan terjadi 'Ku pastikan kau takan bahagia Rahasia alam semesta memang sepantasnya Ada untuk manusia Dan itulah sempurna Membuat kita berusaha Yang terbaik yang kita bisa Dan itulah sempurna Membuat kita berusaha Yang terbaik yang kita bisa Berdoalah kepadaNya Berusaha sebisa kita Dan kelak niscaya ada hasilnya Syukuri pahami itulah yang Yang terindah Yang terbaik Berdoalah kepadaNya Berusaha sebisa kita Dan kelak niscaya ada hasilnya Syukuri pahami itulah yang Yang terindah Yang terbaik;sedih;Sempurna;Sitokotis
Distopia mewarnai mimpi buruk kita Distopia akankah berubah jadi nyata Manusia kian terbiasa Dengan jentera ke mana saja Manusia kian terbiasa Dengan mesin juga jalan raya Utopia akankah menghilang tanpa atah Utopia akankah hilang karna budaya Manusia telah terbiasa Dengan emisi gas rumah kaca Manusia telah terbiasa Dengan udara dan polusinya Ini tentang manusia yang bergantung pada laju roda Kemanapun perginya takan sempurna tanpa berkendara Ini tentang budaya yang bergantung pada sang jentera Melupakan petaka yang kan melanda jika tak berubah;bersemangat;Budaya Jentera;Mostis
Memandang semua dengan sudut yang sama Tatapanya hanya bermakna benar salah Manilai semua dengan angka yang sama Angka terendah atau angka tertinggi Tak mau tau jika tak sejalan Kan diinjak hingga titik penghabisan Tak peduli apa kata sejarah Terus menjarah hingga berdarah  Tak sadar tlah terjebak Aaaa Dalam sisi gelap paham yang membuat Ruam pada ruang hidup ini Mendebat tak menyerah Aaaa Dalam sisi gelap paham yang membuat Reputasi perdamaian menjadi basi Berobat pada paham paska Setelah semua dirasa berbeda Smakin terasa resah Semakin sesak merampas otak Berkaca pada paham paska Selepas beranjak setelah tersendak Semakin terasa gerah Semakin lebam luka paham yang terus digaram Menyamakan kehidupan dengan baris tulisan Berhenti pahami seiring dengan tanda baca Titik berhenti, seru membentak, tanya mendebat Melupakan alinea di rak buku berbeda;marah;Sisi Gelap Paham;Mostis
Berburu dan meramu untuk jadi makmur Tanpa ragu, t'rus menggancu lahan baru Atas nama kepentingan bersama Nyatanya timpang, tak ada adil di sana  Belum saatnya berhenti untuk mengatakan Pada stakeholder tentang semua disorder Belantara bukan tempat untuk gali harta Agraria pertanian bukan permainan Ah-ah-ha-ah Ah-ah-ha-ah (Hu-uh, hu-uh, hu-uh-uh) (Hu-uh, hu-uh, hu-uh-uh) (Hu-uh, hu-uh, hu-uh-uh) (Hu-uh, hu-uh, hu-uh-uh) Berburu dan meramu untuk jadi makmur Tanpa ragu, t'rus menggancu lahan baru Atas nama kepentingan bersama Nyatanya timpang, tak ada adil di sana Belum saatnya berhenti untuk mengatakan Pada stakeholder tentang semua disorder Belantara bukan tempat untuk gali harta Agraria pertanian bukan permainan  Belum saatnya berhenti untuk mengatakan Pada stakeholder tentang semua disorder Belantara bukan tempat untuk gali harta Agraria pertanian bukan permainan (Hu-uh, hu-uh, hu-uh-uh) (Hu-uh, hu-uh, hu-uh);bersemangat;Penyembah berhala abad 21;Mostis
Kumulai hari dengan secangkir kopi Bersama hangatnya sinar mentari pagi Perlahan meninggi, menerangi dunia Dari ujung cakrawala Memulai langkah dengan percaya diri Yakin hal indah sudahlah menanti Membuka lembar baru hidupku Hapuskan perih luka dalam hatiku Seiring berjalan melewati semua halangan Melepaskan beban Dan kini langkah yang baru Akan kumulai dalam hidupku Berawal dari titik terendah Perlahan menggapai mimpi Takkan pernah menyerah Meski hujan badai mencoba menahan Tetap tegak berdiri Percaya pelangi datang saat badai berhenti Bukan hal mudah untuk menggapai mimpi Ujian silih berganti takkan berhenti Takkan menyerah sampai di sini Kuatkan langkahku, yakinkan hatiku Dan kini langkah yang baru Akan kumulai dalam hidupku Berawal dari titik terendah Perlahan menggapai mimpi Takkan pernah menyerah Meski hujan badai mencoba menahan Tetap tegak berdiri Percaya pelangi datang saat badai berhenti Hu-uh Dan kini langkah yang baru Akan kumulai dalam hidupku Berawal dari titik terendah lahan menggapai mimpi Takkan pernah menyerah Meski hujan badai mencoba menahan Tetap tegak berdiri Percaya pelangi datang saat badai berhenti Na-na-na-na-na (na-na) Na-na-na-na-na Tetap tegak berdiri Percaya pelangi datang saat badai berhenti, eh-yeah Percaya pelangi datang saat badai berhenti;bersemangat;Langkah Baru;Golden Melody
Sinar mentari bangunkanku dari mimpi indah Yang ku alami malam tadi tentang indahnya dunia Burung-burung bernyanyi seiring ku melangkahkan kaki Membawa untuk menikmati hari yang indah Pam parararam aku bernyanyi Pam parararam aku bahagia Pam parararam aku bernyanyi Pam parararam aku bahagia  Sambut aku mentari hangatkan jiwa ini Menyatu dengan alam bebaskan semua beban Burung-burung bernyanyi seiring ku melangkahkan kaki Membawa untuk menikmati hari yang indah Pam parararam aku bernyanyi Pam parararam aku bahagia Pam parararam aku bernyanyi Pam parararam aku bahagia Sambut aku mentari hangatkan jiwa ini Menyatu dengan alam bebaskan semua beban Daun-daun menari seiring ku berlari Menikmati indahnya dunia Burung-burung bernyanyi seiring ku menari Bebas menikmati alam ini;bahagia;Hari yang Indah;Golden Melody
Jarak tak pernah mutlak bagi mereka yang bergerak Mengikuti laju arak-arakan dunia Yang katanya untuk menggapai sejahtera Tapi di ujung dunia mana saja tak kuasa Menghilangkan jarak, menciptakan sekat Jauhkan yang dekat Seiring dengan kepala menunduk, jari menari-nari Tak peduli apa yang ada di sebelahnya Serta mata yang terpaku pada gawai terbaru Teknologinya baru, fitur semakin maju Pengguna makin rancu Inikah dunia yang sunyi di tengah Ramainya manusia? Peringatan dini s'belum bencana melanda Jangan sampai lepaskan gawai dari genggaman Di mana pun itu dan kapan pun itu Kar'na kita terperangkap dunia tanpa batas Seiring kepala menunduk, jari menari-nari Tak peduli apa yang ada di sebelahnya Serta mata yang terpaku pada gawai terbaru Teknologinya baru, fitur semakin maju Seiring kepala menunduk, jari menari-nari Tak peduli apa yang ada di sebelahnya Serta mata yang terpaku pada gawai terbaru Teknologinya baru, fitur semakin maju Pengguna makin rancu Inikah dunia yang sunyi di tengah  ramainya manusia? Seiring kepala menunduk (inikah dunia), jari menari-nari Tak peduli apa yang ada di sebelahnya (yang sunyi di tengah ramainya) (Manusia?) Serta mata yang terpaku pada gawai terbaru Teknologinya baru, fitur semakin maju Pengguna makin rancu;sedih;Perangkap tanpa batas;Mostis
Satu per satu peluru menembusku Melewati lubang samping kepalaku Bersarang di balik tulang tengkoraku Berpijar meleburkan kewarasan Repertoar sempurna direncana Opera teater panggung sandiwara Lengkap dengan semua skenario Bintang iklan hingga musisi pun ada Satu pertunjukan dimainkan Setelah casting demokrasi ada Semua menentukan pilihanya Terjebak dalam oposisi binernya Ini yang bagus itu pasti yang buruk Ini yang bersih itu butuh dicuci Ini yang benar itu yang kurang aja Aku yang pintar pasti dia yang... Melupakan keragaman kedamaian Di semesta raya Yang tak pernah selalu sama Buka mata lihat semua yang ada;marah;Casting Demokrasi;Mostis
Mengikuti, perkataan orang yang terbiasa Menjadi lebah hitam dunia Dihisapnya, yang diperlunya dan menyebarkan Sari bunga yang sudah dijajah Melalui, pesta raksasa memilih manusia Menjadi lebah hitam dunia Dihapusnya, manusia dari hak menentukan Pada siapa ia percaya Hegemoni smakin menjadi Estuari hitam putih hilang, tersisa kini hanya gelap Mimpi buruk distopia, hilang semua utopia, Bergelayut dalam rana, salindia masa depan, kita;sedih;Hegemoni;Mostis
Di televisi atau halaman muka ponsel di tanganku Tentang proyeksi cuaca esok hari Terlihat bersahabat untuk ku pergi Berkendara dengan roda dua ku tanpa jas hujan Tiba saat ini waktuku untuk pergi Pelahan aku tinggalkan rumah ini Seperti rencana yang disepakati Olehku atas dasar teknologi Ternyata distorsi perhitungan manusia Terjadi pada proyeksi cuaca yang telah Aku yakin tanpa ragu dan abai pada kata Sedia payung sebelum kecewa melambung karena Hujan kadang datang waktu langit terang Badai kan terjadi tanpa kau tahu pasti Air kan membasahi tabuh tak terlindungi Juga kan tenggelamkan rencanamu ke depan Berkaca diri ini yang berhamba kepada Dunia yang dibalut moderenisasi, dan Berguru pada peristiwa yang di sekitar Diriku tentang manusia di abad 21 Dunia tak sebatas ekspetasi saja Smua bisa terjadi tanpa kau tahu pasti Sekalipun proyeksi nihil spekulasi Tetap saja kita tak kan bisa memastikan Besarkan ruang dalam dada Siapkan bilamana kita Kecewa dengan kemajuan Yang ternyata sebuah kemunduran Besarkan ruang dalam dada Siapkan bilamana kita Kecewa dengan kenyataan Yang tak seindah saat dibayangkan;santai;Proyeksi Cuaca;Mostis
S'perti mentari yang datang di kehausan Mengeringkan setiap dahaga yang meronta Kemudian lara S'perti hujan yang menyiram tanah yang curam Menggerus setia butir tanah yang rawan Kemudian hancur Kuberitakan duka di tangis dunia Bahwa kematian, kebijaksanaan tiba Sebuah miskonsepsi memahami etika Terjadi perang postulat hanya untuk berdaulat Sebuah miskonsepsi memahami etika Terjadi perang postulat hanya untuk berdaulat (Na, aa-aa) (Na, aa-aa) (Na, aa-aa) Seka air mata dunia dan mulai membuka mata Seka air mata dunia dan mulai membuka mata Lepaskan emosi, lekas 'tuk berfikir Bijaksana mati, hidupkan kembali Lepaskan emosi, lekas 'tuk berfikir Bijaksana mati, hidupkan kembali Sadarlah, kita terjebak, terjerembab di Sebuah miskonsepsi memahami etika Terjadi perang postulat hanya untuk berdaulat Sebuah miskonsepsi memahami etika Terjadi perang postulat hanya untuk berdaulat Sebuah miskonsepsi memahami etika;sedih;Bijaksana Mati;Mostis
Bangun pagi sinar mentari hangat di hatiseiring Bob Marley nyanyikan lagu cintaAku belum mandi dan gosok gigi,aku sudah di airDengan segelas kopi kupandang lautan lepas Ngak kenal waktuNgak kenal hariyang ku tahu hanyalah sunset dan sunrice…ooo……Anak pantaiooo……Suka damaiooo……Anak pantaiooo……hidup santai Mulai petang dengan mata redupAku rebah di atas pasir Memandang gadis-gadis cantik kulitnya merah terbakarGairahku memuncak waktu kan tiba Kuambil gitar teriakkan isi hatiMengundang orang-orang di sekitarkuBerbagi rasa bersama Ngak kenal waktuParty selaluyang ku suka hanyalah sunset dan sunrice…ooo……Anak pantaiooo……Suka damaiooo……Anak pantaiooo……hidup santai ooo……Anak pantaiooo……Suka damaiooo……Anak pantaiooo……hidup santai ooo……Anak pantaiooo……Anak pantaiooo……Anak pantai;santai;Anak Pantai;Reggea
Mungkin kita halu Atau kita rindu Mungkin kita lelah dengan modern yang ada Lini masa kabar Semakin berkobar Terus menjalar terkadang tak masuk nalar Peristiwa rancu Terkadang ambigu Dan sedikit lucu mengocok isi perutku Mana yang benar Mana yang kesasar Mana yang netral semua terlihat samar Hati-hati di jalan hidup ini Penipuan akan smakin menjadi Atas nama agama atau kerajaan Dan mungkin masih banyakn lagi di sana Skalipun berdiri di institusi Yang jelas diterima kontitusi Tetap saja bisa tuk dikelabui Hati-hati di jalan hidup ini Harga kebenaran naik makin tajam Tawar menawar harga pas langsung tancap gas Kemanusiaan dan keadilan Toping yang bisa dipilih sesuai selera Hati-hati di jalan hidup ini Penipuan akan smakin menjadi Atas nama manusia atau keadilan Dan mungkin masih banyakn lagi di sana Skalipun berdiri di institusi Yang jelas diterima kontitusi Tetap saja bisa tuk dikelabui Hati-hati di jalan hidup ini;sedih;Paska Kebenaran;Mostis
Di sela dunia yang semakin deras Terus hanyut kita biar saja Budaya tak punya patri mati Berganti seiring peradaban Seutas asa yang kan membawa Langkah tuk tiba di ujung sana Tapi sejuta putus asa menjelma Menjadi kabut hitam di jalan Menuju menjadi lebih dari saat ini Malah melukis elegi yang penuh rayuan Tuk Berbaring biarkan waktu berlalu Sampai ta sadar ia sudah jauh Koneksi data tak kenal jeda Membuat manusia terbawa Pada ruang maya tanpa batas Dan melupakan rencana untuk Terus tunda hingga tua Malas gerak membudaya Semakin nyaman merebahkan Tubuh sambil internetan;sedih;Budaya Perangkat;Mostis
Di saat kita bersama Di waktu kita tertawa Menangis merenung Oleh cinta Kau coba hapuskan rasa Rasa dimana kau melayang jauh Dari jiwaku Juga mimpiku Biarlah, biarlah Hariku dan harimu Terbelenggu satu Oleh ucapan manismu Dan kau bisikkan kata cinta Kau t'lah percikkan rasa sayang Pastikan kita seirama Walau terikat rasa hina Sekilas kau tampak layu Jika kau rindukan gelak tawa Yang warnai Lembar jalan kita Reguk dan teguklah Mimpiku dan mimpimu Terbelenggu satu Oleh ucapan janjimu Dan kau bisikkan kata cinta Kau t'lah percikkan rasa sayang Akankah kita seirama Saat terikat rasa hina;sedih;Kita;Sheila On Seven
Cinta yang sebenarnya indah sekali ehh Kadang menipu dan bikin sakit hati yeah eh Tapi lihatlah burung tetap bernyanyi yeah Terlalu indah untuk ditangisi yeah Nyanyi lagu pantai Nyanyi lagu santai yeah Nyanyi lagu pantai Mari kita santai yeah Cantik, mengejar sesuatu yang belum pasti Kadang kau gagal lalu frustasi Tapi hidup yang indah cuma sekali yeahh Terlalu singkat untuk ditangisi Nyanyi lagu pantai Nyanyi lagu santai yeah Nyanyi lagu pantai Mari kita santai yeah Nyanyi lagu pantai Nyanyi lagu santai yeah Nyanyi lagu pantai Mari kita santai yeah Yeah Nyanyi lagu pantai Nyanyi lagu santai yeah Nyanyi lagu pantai Mari kita santai yeah Nyanyi lagu pantai Nyanyi lagu santai yeah Nyanyi lagu pantai Mari kita santai yeah Huo yo huo yo huo o yoyoyo Huo yo huo oh santailah yeah Kalau kau frustasi karna kurang santai yeah Kaupun sakit hati karna kurang santai yeee Huo yo huo yo hou o yoyoyo. Huo yo huo oh santailah;santai;Santai;Steven & Coconuttreez
Namaku Bento rumah real estate Mobilku banyak harta berlimpah Orang memanggilku bos eksekutif Tokoh papan atas, atas segalanya (Asyik!) Wajahku ganteng banyak simpanan Sekali lirik oke sajalah Bisnisku menjagal, jagal apa saja Yang penting aku senang, aku menang Persetan orang susah karena aku Yang penting asyik Sekali lagi (Asyik!) Khotbah soal moral omong keadilan Sarapan pagiku Aksi tipu-tipu, lobying, dan upeti Wow, jagonya Maling kelas teri, bandit kelas coro Itu kantong sampah Siapa yang mau berguru datang padaku Sebut tiga kali namaku Bento! Bento! Bento! (Asyik!) Namaku Bento rumah real estate Mobilku banyak harta berlimpah Orang memanggilku bos eksekutif Tokoh papan atas, atas segalanya (Asyik!) Wajahku ganteng banyak simpanan Sekali lirik oke sajalah Bisnisku menjagal, jagal apa saja Yang penting aku senang, aku menang Persetan orang susah karena aku Yang penting asyik Sekali lagi (Asyik!) Khotbah soal moral omong keadilan Sarapan pagiku Aksi tipu-tipu, lobying, dan upeti Wow, jagonya Maling kelas teri bandit kelas coro Itu kantong sampah Siapa yang mau berguru datang padaku Sebut namaku Bento! Bento! Bento! (Asyik!) Bento!;santai;Bento;Iwan Fals
Kisah usang tikus-tikus kantor Yang suka berenang di sungai yang kotor Kisah usang tikus-tikus berdasi Yang suka ingkar janji lalu sembunyi Di balik meja teman sekerja Di dalam lemari dari baja Kucing datang cepat ganti muka Segera menjelma bagai tak tercela Masa bodoh hilang harga diri Asal tak terbukti ah tentu sikat lagi Tikus-tikus tak kenal kenyang Rakus, rakus, bukan kepalang Otak tikus memang bukan otak udang Kucing datang tikus menghilang Kucing-kucing yang kerjanya molor Tak ingat tikus kantor datang menteror Cerdik, licik, tikus bertingkah tengik Mungkin karena sang kucing pura-pura mendelik Tikus tahu sang kucing lapar Kasih roti jalan pun lancar Memang sial sang tikus teramat pintar Atau mungkin si kucing yang kurang ditatar Tikus-tikus tak kenal kenyang Rakus, rakus, bukan kepalang Otak tikus memang bukan otak udang Kucing datang tikus menghilang;bersemangat;Tikus Kantor;Iwan Fals
Suatu hari Dikala kita duduk ditepi pantai Dan memandang ombak dilautan yang kian menepi Burung camar terbang Bermain diderunya air Suara alam ini Hangatkan jiwa kita Sementara Sinar surya perlahan mulai tenggelam Suara gitarmu Mengalunkan melodi tentang cinta Ada hati Membara erat bersatu Getar seluruh jiwa Tercurah saat itu Kemesraan ini Janganlah cepat berlalu Kemesraan ini Inginku kenang selalu Hatiku damai Jiwaku tentram di samping mu Hatiku damai Jiwa ku tentram Bersamamu Sementara Sinar surya perlahan mulai tenggelam Suara gitarmu Mengalunkan melodi tentang cinta Ada hati Membara erat bersatu Getar seluruh jiwa Tercurah saat itu Kemesraan ini Janganlah cepat berlalu Kemesraan ini Inginku kenang selalu Hatiku damai Jiwaku tentram di samping mu Hatiku damai Jiwa ku tentram Bersamamu Kemesraan ini Janganlah cepat berlalu Kemesraan ini Inginku kenang selalu Hatiku damai Jiwaku tentram di samping mu Hatiku damai Jiwa ku tentram Bersamamu;sedih;Kemesraan;Iwan Fals
Kalau cinta sudah dibuang Jangan harap keadilan akan datang Kesedihan hanya tontonan Bagi mereka yang diperkuda jabatan Wo o ya o ya o ya bongkar Wo o ya o ya o ya bongkar Sabar, sabar, sabar dan tunggu Itu jawaban yang kami terima Ternyata kita harus ke jalan Robohkan setan yang berdiri mengangkang Wo o ya o ya o ya bongkar Wo o ya o ya o ya bongkar Wo o ya o ya o ya bongkar Wo o ya o ya o ya bongkar Penindasan serta kesewenang-wenangan Banyak lagi, teramat banyak untuk disebutkan Hoi hentikan, hentikan jangan diteruskan Kami muak dengan ketidakpastian dan keserakahan Di jalanan kami sandarkan cita-cita Sebab di rumah tak ada lagi yang bisa dipercaya Orang tua pandanglah kami sebagai manusia Kami bertanya tolong kau jawab dengan cinta O-o-oh! Wo o ya o ya o ya bongkar Wo o ya o ya o ya bongkar Wo o ya o ya o ya bongkar Wo o ya o ya o ya bongkar Penindasan serta kesewenang-wenangan Banyak lagi, teramat banyak untuk disebutkan Hoi hentikan, hentikan jangan diteruskan Kami muak dengan ketidakpastian dan keserakahan Wo o ya o ya o ya bongkar Wo o ya o ya o ya bongkar Wo o ya o ya o ya bongkar Wo o ya o ya o ya bongkar Di jalanan kami sandarkan cita-cita Sebab di rumah tak ada lagi yang bisa dipercaya Orang tua pandanglah kami sebagai manusia Kami bertanya tolong kau jawab dengan cinta Wo o ya o ya o ya bongkarWo o ya o ya o ya bongkar Wo o ya o ya o ya bongkar Wo o ya o ya o ya bongkar;marah;Bongkar;Iwan Fals
Untukmu yang duduk sambil diskusi Untukmu yang biasa bersafari Di sana di gedung DPR Wakil rakyat kumpulan orang hebat Bukan kumpulan teman-teman dekat Apalagi sanak famili Di hati dan lidahmu kami berharap Suara kami tolong dengar lalu sampaikan Jangan ragu jangan takut karang menghadang Bicaralah yang lantang jangan hanya diam Di kantong safarimu kami titipkan Masa depan kami dan negeri ini Dari Sabang sampai Merauke Saudara dipilih bukan dilotre Meski kami tak kenal siapa saudara Kami tak sudi memilih para juara Juara diam juara he-eh juara hahaha Untukmu yang duduk sambil diskusi Untukmu yang biasa bersafari Di sana di gedung DPR Di hati dan lidahmu kami berharap Suara kami tolong dengar lalu sampaikan Jangan ragu jangan takut karang menghadang Bicaralah yang lantang jangan hanya diam Wahai sahabat Wakil rakyat seharusnya merakyat Jangan tidur waktu sidang soal rakyat Wakil rakyat bukan paduan suara Hanya tahu nyanyian lagu setuju Wakil rakyat seharusnya merakyat Jangan tidur waktu sidang soal rakyat Wakil rakyat bukan paduan suara Hanya tahu nyanyian lagu setuju Wakil rakyat seharusnya merakyat Jangan tidur waktu sidang soal rakyat Wakil rakyat bukan paduan suara Hanya tahu nyanyian lagu setuju Wakil rakyat seharusnya merakyat Jangan tidur waktu sidang soal rakyat Wakil rakyat bukan paduan suara Hanya tahu nyanyian lagu setuju Wakil rakyat seharusnya merakyat Jangan tidur waktu sidang soal rakyat Wakil rakyat bukan paduan suara Hanya tahu nyanyian lagu setuju Wakil rakyat seharusnya merakyat Jangan tidur waktu sidang soal rakyat Wakil rakyat bukan paduan suara Hanya tahu nyanyian lagu setuju Wakil rakyat seharusnya merakyat Jangan tidur waktu sidang soal rakyat Bukan paduan suara Hanya tahu nyanyian lagu setuju;bersemangat;Surat Buat Wakil Rakyat;Iwan Fals
Denting piano Kala jemari menari Nada merambat pelan Di kesunyian malam Saat datang rintik hujan Bersama sebuah bayang Yang pernah terlupakan Hati kecil berbisik Untuk kembali padanya Seribu kata menggoda Seribu sesal di depan mata Seperti menjelma Waktu aku tertawa Kala memberimu dosa Oh maafkanlah Oh maafkanlah Rasa sesal di dasar hati Diam tak mau pergi Haruskah aku lari dari kenyataan ini Pernah ku mencoba tuk sembunyi Namun senyummu tetap mengikuti Hati kecil berbisik Untuk kembali padanya Seribu kata menggoda Seribu sesal di depan mata Seperti menjelma Waktu aku tertawa Kala memberimu dosa Rasa sesal di dasar hati Diam tak mau pergi Haruskah aku lari dari kenyataan ini Pernah ku mencoba tuk sembunyi Namun senyummu tetap mengikuti Rasa sesal di dasar hati Diam tak mau pergi Haruskah aku lari dari kenyataan ini Pernah ku mencoba tuk sembunyi Namun senyummu tetap mengikuti Rasa sesal di dasar hati Diam tak mau pergi Haruskah aku lari dari kenyataan ini Pernah ku mencoba tuk sembunyi Namun senyummu tetap mengikuti;sedih;Yang Terlupakan;Iwan Fals
Memang banyak yang bilang aku tampan rupawan Bentuk tubuhku seksi, kekar tegap berisi Dengan tatapan tajam penuh percaya diri Bikin wanita tergila-gila, mabuk kepayang Pandai bernyanyi apalagi menari lulus dengan sempurna Ditambah gaya trendy bak pria masa kini Akulah lelaki idola sejati Tapi jangan bilang mama Aku takut nanti dia bisa marah-marah Kalau tahu aku ini adalah boy band boy band boy band Memang banyak yang bilang aku tampan rupawan Bentuk tubuhku seksi, kekar tegap berisi Dengan tatapan tajam penuh percaya diri Bikin wanita tergila-gila, mabuk kepayang Aku pandai bernyanyi apalagi menari ... lulus dengan sempurna Ditambah gaya trendy bak pria masa kini Akulah lelaki idola sejati Tapi jangan bilang mama Aku takut nanti dia bisa marah-marah Kalau tahu aku ini adalah boy band boy band boy band Tapi jangan bilang mama Aku takut nanti dia bisa marah-marah Kalau tahu aku ini adalah boy band boy band boy band Tapi jangan bilang mama Aku takut nanti dia bisa marah-marah Kalau tahu aku ini adalah boy band boy band boy band Tapi jangan bilang mama Aku takut nanti dia bisa marah-marah Kalau tahu aku ini adalah boy band boy band boy band Tapi jangan bilang mama Aku takut nanti dia bisa marah-marah Kalau tahu aku ini adalah boy band boy band boy band Aku ini boy band, aku emang boy band Aku memang aku memang boy band;bersemangat;Boyband;Tipe-X
Luka itu memang terlalu berat untukmu Terlalu keras untuk kau rasakan Tak seperti keinginan dan harapan Yang selalu kau impikan, kau inginkan Kau khayalkan dan kau bayangkan dulu Mestinya kau sadari itu Bukan penyesalan yang ada di hati Saat kau yakinkan diri 'tuk pergi Coba hadapi semua ini sendiri Dan ternyata keyakinan Tak cukup mampu untuk melawan Kau pun tak mampu bertahan Kini kau mawar penghias malam Kau mawar hitam, harummu kepedihan Kau arungi waktu di setiap pelukan Langit tetap saja hitam Meski air mata darah kau curahkan Meratapi diri rindukan jalan terbaik Untuk tetap berdiri Penyesalan (Penyesalan) Memang selalu menakutkan Tapi itu kenyataan (Itu kenyataan) Woh-woh-who Na-na-na-na, na-na-na-na Woh-woh-who Na-na-na-na, na-na-na-na Dan ternyata keyakinan Tak cukup mampu untuk melawan Kau pun tak mampu bertahan Kini kau mawar penghias malam Kau mawar hitam, harummu kepedihan Kau arungi waktu di setiap pelukan Jangan menangis meski kau sesali Singkirkan semua bila tak kau inginkan;sedih;Mawar Hitam;Tipe-X
Lihat senyum manis diatas bibir bergincu Kerdip mata merayu jelas coba mengganggu Tawa renyah terpasang bukan tanpa tujuan Satu korban terjerat itulah harapan Wangi parfum semerbak membius pusat syaraf Hadirkan bayangan tuk lepas keresahan Bergejolak semua coba berontak Ketika tak kuasa langsung kulari mengelak Ah entah sampai kapan Kau mampu bertahan Hindari kenyataan entah sampai kapan Kau mampu bertahan Mungkin kau terfikir lepas belenggu hitam Hidup memang selalu penuh dengan warna – warni Bila terjebak sulit untuk coba keluar Semua pasti ada jalan keluar Cobalah berusaha Ah entah sampai kapan Kau mampu bertahan hindari kenyataan entah sampai kapan Mungkinkah terpikir lepas belenggu hitam;santai;Genit;Tipe-X
Terlalu lama engkau terkenang Hancurkan diri, kian jauh tenggelam Lelah mencoba 'tuk lepaskan beban Kaubeli mimpi, semu tak berarti sendiri Tak mampu kau beranjak pergi Jalan yang panjang, nanar kautatap Tak lagi peduli semua yang terjadi S'makin dalam larut anganmu melayang Mimpimu hadirkan semua penantian Alunan apa ajak kau bernyanyi? Akhirnya kau pun pergi tak kembali Banyak sudah kisah yang tertinggal Kaubuat jadi satu kenangan Seorang sahabat pergi Tanpa tangis, arungi mimpi S'lamat jalan, Kawan, cepatlah berlabuh Mimpimu kini t'lah kaudapati Tak ada lagi seorang pun yang mengganggu Kau bernyanyi Tiap haruku hanya sanggup mengingat Jelas bayangmu yang masih melekat Dalam kecewa, ku hanya mampu katakan Tetaplah tersenyum, kar'na itu jalan yang telah kaupilih Terbanglah, oh, terbanglah bersama pelangi Banyak sudah kisah yang tertinggal Kaubuat jadi satu kenangan Seorang sahabat pergi Tanpa tangis, arungi mimpi S'lamat jalan, Kawan, cepatlah berlabuh Mimpimu kini t'lah kaudapati Tak ada lagi seorang pun yang mengganggu Kau bernyanyi S'moga dalam damai, engkau mengerti Arti dalamnya jalan yang kaudaki Hingga indahnya bias mentari Tak lagi kaunikmati S'lamat jalan, Kawan, cepatlah berlabuh Mimpimu kini t'lah kaudapati Tak ada lagi seorang pun yang mengganggu Kau bernyanyi;sedih;Selamat Jalan;Tipe-X
Saat bulan purnama bersinar Terangi malamku teringat padamu Dan kukirimkan salam tentang rasa rinduku Bersama angin malam kusetia menunggu Mimpikan mimpikan aku oh sayangku Peluk erat hati ini dan jagalah selalu Dan kan kudendangkan lagu ini untukmu Dengarlah Dengarlah sayang Ingatlah saat kita bersama Kau pegang tanganku kutatap matamu Semua terasa indah tak seorangpun mengganggu Bersedih dan tertawa kita tetap bersatu Bintang benderang secerah hatiku Yang selalu terbayang kekasihku sayang Di setiap mimpimu ku kan selalu berdendang Dengarlah Dengarlah sayang Kuatkanlah dinding hati Janji kita tak akan pernah terbagi Biar malam terus berganti Yakinlah kau tetap bungaku Genggam erat hatiku ini Kan kuciptakan damai untukmu Biar bulan terus berlalu Yakinlah kau tetap bungaku Yakinlah kau tetap milikku Saat bulan purnama bersinar Terangi malamku teringat padamu Dan kukirimkan salam tentang rasa rinduku Dengarlah Oh dengarlah sayang Kuatkanlah dinding hati Janji kita tak akan pernah terbagi Biar malam terus berganti Yakinlah kau tetap bungaku Genggam erat hatiku ini Kan kuciptakan damai untukmu Biar bulan terus berlalu Yakinlah kau tetap bungaku Yakinlah kau tetap milikku Yakinlah yakinlah bungaku Sayangku;bahagia;Salam Rindu;Tipe-X
Kita cuma main-main Jangan pikir lain-lain Apalagi jadi pacarku Nggak mungkin Percuma kau rayu aku Percuma kau paksa aku Percuma semua percuma Percuma saja Tapi tenang malam ini untukmu Kalau sama-sama suka Buat apa mikir-mikir Malah cuma bikin pusing Nggak penting Kau tau ku suka kamu Ku tau kau perlu aku Kau tau dan aku tau Kita setuju Tapi tenang ku jaga rahasiamu Tenang tenang ku nggak kan bilang-bilang Kita ciptakan malam paling indah Penuh bunga-bunga Tapi bila esok pagi tlah tiba Jadikan kenangan, simpan dalam hati Kalau sama-sama suka Buat apa mikir-mikir Malah cuma bikin pusing Nggak penting Kau tau ku suka kamu Ku tau kau perlu aku Ku tau dan kamu tau Kita setuju Tapi tenang ku jaga rahasiamu Tenang tenang ku nggak kan bilang-bilang Tapi tenang ku jaga rahasiamu Tenang tenang ku nggak kan bilang-bilang Kita ciptakan malam paling indah Penuh bunga-bunga Tapi bila esok pagi tlah tiba Jadikan kenangan, Jadikan kenangan, simpan dalam hati;santai;Cuma Main-main;Tipe-X
Sakit hati Bikin sakit hati Semua ini terjadi berkali-kali Nggak pernah aku mengerti Mengapa begini? Masih saja kau selalu ingkari janji Cobalah rasakan apa yang kurasa Hati ini sakit dibohongi Setiap kali kau tebar ribuan janji Nggak pernah terbukti cuman mimpi Sakit hati Bikin sakit hati Semua ini terjadi berkali-kali Nggak pernah aku mengerti Mengapa begini? Masih saja kau selalu ingkari janji Kau taburkan bunga di angan-angan Hingga jiwa-ragaku melayang Saat semua kembali aku tersentak Yang kurasa hanyalah kecewa Sakit hati Bikin sakit hati Semua ini terjadi berkali-kali Nggak pernah aku mengerti Mengapa begini? Masih saja kau selalu ingkari janji Kau taburkan bunga di angan-angan Hingga jiwa-ragaku melayang Saat semua kembali aku tersentak Yang kurasa hanyalah kecewa Sakit hati Bikin sakit hati Semua ini terjadi berkali-kali Nggak pernah aku mengerti Mengapa begini? Masih saja kau selalu ingkari janji Sakit hati (sakit hati) Bikin sakit hati (sakit hati) Semua ini terjadi berkali-kali Nggak pernah aku mengerti Mengapa begini? Masih saja kau selalu ingkari janji;sedih;Sakit Hati;Tipe-X
Ku tatap dunia Terasa perih luka di dada Pertempuran manusia Yang buta indahnya perbedaan Oh indahnya Ku bisa engkaupun bisa Melupakan kebencian yang ada Bersama kita terluka Bersama kita bisa tertawa Dan tertawa Ayo bangun dunia di dalam perbedaan Jika satu tetap kuat kita bersinar Harus percaya tak ada yang sempurna Dan dunia kembali tertawa Bayangkan dan senyumlah Mahkota emas tiada artinya Ketika raja dan ratu Memimpin dunia semua bersatu Dan bersatu Ayo bangun dunia di dalam perbedaan Jika satu tetap kuat kita bersinar Harus percaya tak ada yang sempurna Dan dunia kembali tertawa Jabat erat tanganku kawan Kau tak akan pernah sendiri Hancurkan dendam dengan cinta di dada Untuk semua manusia Ayo bangun dunia di dalam perbedaan Jika satu tetap kuat kita bersinar Harus percaya tak ada yang sempurna Dan dunia kembali tertawa Ayo bangun dunia di dalam perbedaan Jika satu tetap kuat kita bersinar Harus percaya tak ada yang sempurna Dan dunia kembali tertawa Ayo bangun dunia di dalam perbedaan Jika satu tetap kuat kita bersinar Harus percaya tak ada yang sempurna Dan dunia kembali tertawa;bersemangat;Kuat Kita Bersinar;Superman Is Dead
Jauh jalan yang harus kau tempuh Mungkin samar bahkan mungkin gelap Tajam kerikil setiap saat menunggu Engkau lewat dengan kaki tak bersepatu Duduk sini nak dekat pada bapak Jangan kau ganggu ibumu Turunlah lekas dari pangkuannya Engkau lelaki kelak sendiri Jauh jalan yang harus kau tempuh Mungkin samar bahkan mungkin gelap Duduk sini nak dekat pada bapak Jangan kau ganggu ibumu Turunlah lekas dari pangkuannya Engkau lelaki kelak sendiri;sedih;Nak;Iwan Fals
Ketika siapa saja sendirian Berdiam diri tak ada hiburan Jika kau merasakan kesepian Datang kemari kita senang-senang Semua berdiri, waktunya beraksi Penindasan kekerasaan gak jaman Kami datang membawa perdamaian Ciptakan suasana tak terlupakan Lantangkan suaramu dan teriakkan Alunan distorsi, kotak pun beraksi Yang ada di sana, yang ada di sini Semua ikut bernyanyi Hey, yang datang di sini Jangan bikin keki Bikin suasana happy Beraksi Beraksi Hey, yang ada di sana Semua bernyanyi Hey, yang ada di sini Semua happy Hey, yang ada di sana, yang ada di sini Semua ikut bernyanyi Hey, yang datang di sini Jangan bikin keki Bikin suasana happy Beraksi Beraksi;marah;Beraksi;Kotak
Ku tahu, kamu pasti rasa Apa yang kurasa Ku tahu, cepat atau lambat Kamu 'kan mengerti Hati bila dipaksakan Pasti takkan baik Pantasnya kamu mencintai Yang juga cintai dirimu Cinta kamu Lepaskanlah ikatanmu dengan aku Biar kamu senang Bila berat melupakan aku Pelan-pelan saja Tak ada niat menyakiti Inilah hatiku Pantasnya kamu mencintai Yang juga cintai dirimu Cinta kamu Lepaskanlah ikatanmu dengan aku Biar kamu senang Bila berat melupakan aku Pelan-pelan saja, oh Pelan-pelan saja Lepaskanlah ikatanmu dengan aku Biar kamu senang Bila berat melupakan aku Pelan-pelan saja Pelan-pelan saja (Lepaskan aku, lepaskan aku, lepaskan aku) Pelan-pelan saja;sedih;Pelan-pelan Saja;Kotak
Kalau harus ku mengingatmu lagi Aku takkan sanggup dengan yang terjadi pada kita Jika melupakanmu hal yang mudah Ini takkan berat, takkan membuat hatiku lelah Kalah, kuakui aku kalah Cinta ini pahit dan tak harus memiliki Jika aku bisa, ku akan kembali Ku akan merubah takdir cinta yang kupilih Meskipun tak mungkin, walaupun ku mau Membawa kamu lewat mesin waktu Jika melupakanmu hal yang mudah Ini takkan berat, takkan membuat hatiku lelah Panjang perjalanan yang harus kulalui Merelakanmu Jika aku bisa, ku akan kembali Ku akan merubah takdir cinta yang kupilih Meskipun tak mungkin, walaupun ku mau Membawa kamu lewat mesin waktu, ho-uh-oh Wo-uh-oh Jika aku bisa, ku akan kembali Ku akan merubah takdir cinta yang kupilih Meskipun tak mungkin, walaupun ku mau Membawa kamu, oh-oh Jika aku bisa, ku akan kembali Ku akan merubah takdir cinta yang kupilih Meskipun tak mungkin, walaupun ku mau Membawa kamu lewat mesin waktu;sedih;Mesin Waktu;Budi Doremi
do do do do do (Re) - re re re re re re (Mi) - mi mi mi mi (Fa) - fa fa fa fa fa fa doakan 'ku harus pergi (Re) - relakan aku di sini (Mi) - misalnya aku 'kan pulang (Fa) - fastikan kau tetap menunggu (Sol) - soal cinta luar biasa (La) - lama-lama bisa gila (Si) - siapa yang tahu pasti (Do) - doakan aku di sini A-du-du-duh-duh aku percaya Kali ini kau pasti bisa yeah Ku-ku-kutanya ada yang salah Jelas ini luar biasa Hal yang baik tidak mudah Tak seperti kau bicara Mereka mengerti Ini terlalu jadi masalah Ketika kau mulai bisa Terbiasa untuk dapat menikmati Hari-hari tanpaku di sini doakan 'ku harus pergi (Re) - relakan aku di sini (Mi) - misalnya aku 'kan pulang (Fa) - fastikan kau tetap menunggu (Sol) - soal cinta luar biasa (La) - lama-lama bisa gila (Si) - siapa yang tahu pasti (Do) - doakan aku di sini Hal yang baik tidak mudah Tak seperti kau bicara Mereka mengerti Ini terlalu jadi masalah Ketika kau mulai bisa Terbiasa untuk dapat menikmati Hari-hari tanpaku di sini doakan 'ku harus pergi (Re) - relakan aku di sini (Mi) - misalnya aku 'kan pulang (Fa) - fastikan kau tetap menunggu (Sol) - soal cinta luar biasa (La) - lama-lama bisa gila (Si) - siapa yang tahu pasti (Do) - doakan aku di sini Everybody sings it! doakan 'ku harus pergi (Re) - relakan aku di sini (Mi) - misalnya aku 'kan pulang (Fa) - fastikan kau tetap menunggu (Sol) - soal cinta luar biasa (La) - lama-lama bisa gila (Si) - siapa yang tahu pasti (Do) - doakan aku di sini Doakan 'ku harus pergi Relakan aku di sini Misalnya aku 'kan pulang Fa-fa-fastikan kau yang menunggu Soal cinta luar biasa Lama-lama bisa gila Siapa yang tahu pasti Doakan aku di sini;bahagia;Doremi;Budi Doremi
Aku mengerti perjalanan hidup yang kini kau lalui Ku berharap meski berat kau tak merasa sendiri Kau telah berjuang menaklukankan hari-hari mu yang tak mudah Biar ku menemanimu membasuh lelah mu Izinkan ku lukis senja Mengukir namamu di sana Mendengar kamu bercerita Menangis tertawa Biar ku lukis malam Bawa kamu bintang-bintang Tuk temanimu yang terluka Hingga kau bahagia Aku disini walau letih coba lagi jangan berhenti Ku berharap meski berat kau tak merasa sendiri Kau telah berjuang menaklukankan hari-hari mu yang tak indah Biar ku menemanimu membasuh lelah mu Izinkan ku lukis senja Mengukir namamu di sana Mendengar kamu bercerita Menangis tertawa Biar ku lukis malam Bawa kamu bintang-bintang Tuk temanimu yang terluka Hingga kau bahagia hah Izinkan ku lukis senja Mengukir namamu di sana Mendengar kamu bercerita Menangis tertawa Biar ku lukis malam Bawa kamu bintang-bintang Tuk temanimu yang terluka Hingga kau bahagia Tuk temanimu yang terluka Hingga kau bahagia;sedih;Melukis Senja;Budi Doremi
Ku rasa ku sedang jatuh cinta Karena rasanya ini berbeda Oh apakah ini memang cinta Selalu berbeda saat menatapnya Mengapa aku beginiHilang berani dekat denganmuIngin ku memilikimuTapi aku tak tahu Bagaimana caranya? Tolong katakan pada dirinya Lagu ini kutuliskan untuknya Namanya selalu ku sebut dalam doa Sampai aku mampu ucap, maukah denganku? Ku rasa ku sedang jatuh cinta Karna rasanya ini berbeda Oh apakah ini memang cinta Selalu berbeda saat menatapnya Di sini aku berdiri Menanti waktu yang tepat Hingga akhirnya ku mampu Katakan padamu Tolong katakan pada dirinya Lagu ini kutuliskan untuknya Namanya selalu ku sebut dalam doa Mungkinkah dia tahu Cinta yang ku mau?Tolong katakan pada dirinya Lagu ini kutuliskan untuknya Namanya selalu ku sebut dalam doa Sampai aku mampu ucap, maukah denganku? Maukah kau dengan aku?;bahagia;Tolong;Budi Doremi
Waktu terasa semakin berlalu Tinggalkan cerita tentang kita Kini, di mana kucari tawamu 'Tuk hapuskan semua sepi di hati? Ada cerita tentang aku dan dia Dan kita bersama saat dulu kala Ada cerita tentang masa yang indah Saat kita berduka, saat kita tertawa Teringat di saat kita tertawa bersama Ceritakan semua tentang kita Ada cerita tentang aku dan dia Dan kita bersama saat dulu kala Ada cerita tentang masa yang indah Saat kita berduka, saat kita tertawa;sedih;Semua Tentang Kita;Noah
Ku pernah punya mobil balap sendiri Yang bisa ngebut di jalanan tiap hari Ku tidak pernah merasakan kesepian Tak ada gadis yang menolak diantarkan Asoy geboy ngebut di jalanan ibukota Dipayungi lampu kota di sekitar kita Suatu hari ada orang yang menantang Gairah sembalapku makin tak tertahan Kubalap dia dari kiri banting kanan Tak kumelihat kuterobos lampu merah Tiba-tiba pak pulisi datang menghampiri Kutancap gas dengan maksud melarikan diri Akhirnya ku menabrak pohon yang melintang Tolong dong pak... Tolong dong pak, jangan ditilang SIM pun tak ada STNK entah ke mana Dan hingga kini ku berada di tahanan;bersemangat;Mobil Balap;Naif
Sebelum gelap kita tertawa Berjanji setia sampai ujung masa Meski kau dan aku jauh di sana Ingat janji kita untuk selamanya Hilang harapan Saat kau katakan semua telah usai Kau menemukan Yang baru kini aku kau tinggalkan Meski sendiri aku 'kan bertahanMemegang janji yang kita ucapkan Berat rasanya hatiku berkata Semoga bahagia engkau dengannya Selama mataku bisa menatap Kukenang kau sebagai memori kelam Ingin rasanya hatiku berkata Ingat janji dulu kita bersama Walaupun gelap kucoba tertawa Bertahan sendiri meskipun semua percuma Kau pergi tanpa kata;sedih;Hilang Harapan;Stand Here Alone
Telah lama bersama Sekian lama bersama Namun kau pilih dia 'tuk temani hidupmu Dimana rasa malumu Dimana harga dirimu Kau pilih dia ternyata lebih baik dariku Tapi inilah aku 'Kan kunikmati hidupku Wanita masih banyak yang menunggu Aku salut padamu Kau sakiti pria setampan diriku Juga meninggalkanku Kulihat kau bersamanya Ternyata memang kukalah Dari segi harta ku tak punya apa-apa Ternyata cinta dan harta Tak mungkin jauh terpisah Dimana ada harta, disitu ada cinta Tapi inilah aku 'Kan kunikmati hidupku Wanita masih banyak yang menunggu Aku salut padamu Kau sakiti pria setampan diriku Juga meninggalkanku Kubiarkan kau nikmati dirinya Puaskanlah hatimu dengan hartanya Dan ku sadar aku manusia sengsara Tak punya apa-apa Tapi hidupku penuh cinta;bersemangat;Wanita Masih Banyak Yang Menunggu;Stand Here Alone
Terkadang 'ku curiga, temanku buruk rupa Pacarnya seperti artis korea Aku selalu merasa hidupku tak berguna Hanya bisa mengeluh menyalahkan keadaan Terkadang 'ku curiga, pejabat bisa kaya Tapi curiga itu tak berguna Lebih baik usaha, jangan lupa berdoa Minta doa restu dari kedua orang tua Rasanya aku sedang melayang Mungkin akan terbang Menembus batas kewajaran Nonton TV, gosip pagi, biasa Sinetron tentang SMA dan cinta Nonton kartun kena sensor, anehnya Buka handphone chat gak ada, sadisnya Mereka bilang aku pecundang Santai saja, kawan Mereka itu bukan Tuhan Lidah gua genggam, tangan gua kapalan Lagu ini kenceng  banget, gua nggak tahan Lain kali jangan buat lagu ginian Temponya yang santai saja Hidup membosankan tak punya pasangan Terkadang aku pun diacuhkan Berikan aku, berikan aku kekuatan Hidup membosankan tak punya pasangan Terkadang aku pun diacuhkan Berikan aku, berikan aku kekuatan Hey kawan, semua tak perlu kau fikirkan Jadikanlah semua ini sebuah acuan Karena hidup selalu belajar dan belajar (Masa depan) Beli pulsa uang kurang, kasihan Butuh uang bayar kosan sebulan Lihat teman gandeng pacar di taman Lihat mantan jalan-jalan;bersemangat;JAV;Stand Here Alone
Kelak kau kan menjalani hidupmu sendiriMelukai kenangan yang telah kita lalui Yang tersisa hanya aku sendiri di siniKau akan terbang jauh menembus awan Memulai kisah baru tanpa diriku Seandainya kau tau ku tak ingin kau pergi Meninggalkan ku sendiri bersama bayanganku Seandainya kau tau aku kan selalu cinta Jangan kau lupakan kenangan kita selama ini Kelak kau kan menjalani hidupmu sendiri Melukai kenangan yang telah kita lalui Kau akan terbang jauh menembus awan Memulai kisah baru tanpa diriku Seandainya kau tau ku tak ingin kau pergi Meninggalkan ku sendiri bersama bayanganku Seandainya kau tau aku kan selalu cinta Jangan kau lupakan kenangan kita selama ini Selama ini Seandainya kau tau ku tak ingin kau pergi oh Meninggalkan ku sendiri bersama bayanganku Seandainya kau tau aku kan selalu cinta Jangan kau lupakan kenangan kita selama ini oh Selama ini;sedih;Seandainya;Vierratale
Kau tak sepenuhnya sendiri Aku kan slalu ada di sini Mengapa oh mengapa dirimu Penuh dengan rasa bimbang Tak perlu kau pergi tuk mencari Mencari arti cinta Aku sendiri di sini menunggu Aku sendiri di sini menanti Aku tak terbiasa untuk berharap Berlari untuk mengejar dirimu Dalam menggapai semua impiku Smoga kau kan tetap jadi apa yang ku inginkan Mengapa oh mengapa dirimu Penuh dengan rasa bimbang Tak perlu kau pergi tuk mencari Mencari arti cinta Aku sendiri di sini menunggu Aku sendiri di sini menanti Aku tak terbiasa untuk berharap Berlari untuk mengejar dirimu Dalam menggapai semua impiku Smoga kau kan tetap jadi apa yang ku inginkan Jangan pernah berubah Ingat janjimu Jangan pernah menghilang Dari hatiku Aku sendiri di sini menunggu Aku sendiri di sini menanti Aku tak terbiasa untuk berharap Berlari untuk mengejar dirimu Dalam menggapai semua impiku Smoga kau kan tetap jadi apa yang ku inginkan;bersemangat;Jadi Apa Yang Kuinginkan;Vierratale
Berat bebanku MeninggalkanmuSeparuh nafas jiwaku sirna Bukan salahmu Apa dayaku Mungkin benar cinta sejati tak berpihak pada kita Kasihku Sampai disini kisah kita Jangan tangisi keadaannya Bukan karena kita berbeda DengarkanDengarkan lagu lagu iniMelodi rintihan hati ini Kisah kita Berakhir di Januari Selamat tinggal kisah sejatiku Wow pergilah Kasihku Sampai disini kisah kita Jangan tangisi keadaannya Bukan karena kita berbeda wow Dengarkan lagu lagu ini Melodi rintihan hati ini Kisah kita berakhir di januari (wow ye he oh) Dengarkan lagu lagu ini Melodi rintihan hati ini Kisah kita berakhir wow Berakhir Berakhir di januari (hu) Berakhir di januari;sedih;Januari;Glenn Fredly
Terlalu indah dilupakan Terlalu sedih dikenangkan Setelah aku jauh berjalan Dan kau kutinggalkan Betapa hatiku bersedih Mengenang kasih dan sayangmu Setulus pesanmu kepadaku Engkau 'kan menunggu Andaikan kau datang kembali Jawaban apa yang 'kan kuberi? Adakah cara yang kau temui Untuk kita kembali lagi? Betapa hatiku bersedih Mengenang kasih dan sayangmu Setulus pesanmu kepadaku Engkau 'kan menunggu Andaikan kau datang kembali Jawaban apa yang 'kan kuberi? Adakah cara yang kau temui Untuk kita kembali lagi? Bersinarlah bulan purnama Seindah serta tulus cintanya Bersinarlah terus sampai nanti Lagu ini, oh-oh Andaikan kau datang kembali Jawaban apa yang 'kan kuberi? Adakah cara yang kau temui Untuk kita kembali lagi? Bersinarlah bulan purnama Seindah serta tulus cintanya Bersinarlah terus sampai nanti Lagu ini kuakhiri;sedih;Andaikan Kau Datang Kembali;Noah
Kulepas semua yang kuinginkan Tak akan kuulangi Maafkan jika kau kusayangi Dan bila kumenanti Pernahkah engkau coba mengerti Lihatlah aku di sini Mungkinkah jika aku bermimpi Salahkah tuk menanti Takkan lelah aku menanti Takkan hilang cintaku ini Hingga saat kau tak kembali Kan kukenang di hati saja Kau telah tinggalkan hati yang terdalam Hingga tiada cinta yang tersisa di jiwa;romantis;Yang Terdalam;Noah
Ada yang benci dirinya Ada yang butuh dirinya Ada yang berlutut mencintainya Ada pula yang kejam menyiksa dirinya Ini hidup wanita si Kupu-Kupu Malam Bekerja, bertaruh seluruh jiwa raga Bibir senyum, kata halus merayu, memanja Kepada setiap mereka yang datang Dosakah yang dia kerjakan? Sucikah mereka yang datang? Kadang dia tersenyum dalam tangis Kadang dia menangis di dalam senyuman Wo-oh, apa yang terjadi, terjadilah Yang dia tahu Tuhan, penyayang umat-Nya Wo-oh, apa yang terjadi, terjadilah Yang dia tahu hanyalah menyambung nyawa Uh-oh, ah-ah-uh Wo-oh-ho, apa yang terjadi, terjadilah Yang dia tahu Tuhan, penyayang umat-Nya Wo-ho, apa yang terjadi, terjadilah Yang dia tahu hanyalah menyambung nyawaOh-ah-oh-oh;romantis;Kupu-Kupu Malam;Noah
Waktu terus berjalan, tiada yang di sisimu Ingin keluar 'tuk dapatkan pemikiran baru Kukesal hari ini melihat di sekitar Semuanya sama dan seragam Korban dari majalah Dia pikir dia berbeda Dan semua band mengkopi Blink Di manakah pemberontak engkau bersembunyi? Bukankah ini penting Dan perasaanku membunuhku! Kubenci semua yang tak pasti wo, oo Rambut spikey dibilang funky wo, ooMall dipenuhi lambang anarki wo, oo Yang akhirnya hilang tak berarti MTV hari ini, Rock n' Roll telah mati Nyanyikan lagu orang lain dan kau akan terkenal Coba 'tuk tak curiga, tak kuasa 'ku menahan Penuh tattoo juga piercing Nyanyikan lagu cengeng Bukankah ini penting Dan perasaanku membunuhku!;marah;Punk Hari Ini;Superman Is Dead
Jauh jalan yang harus kau tempuh Mungkin samar bahkan mungkin gelap Tajam kerikil setiap saat menunggu Engkau lewat dengan kaki tak bersepatu Duduk sini nak dekat pada bapak Jangan kau ganggu ibumu Turunlah lekas dari pangkuannya Engkau lelaki kelak sendiri Jauh jalan yang harus kau tempuh Mungkin samar bahkan mungkin gelap Duduk sini nak dekat pada bapak Jangan kau ganggu ibumu Turunlah lekas dari pangkuannya Engkau lelaki kelak sendiri;sedih;Nak;Iwan Fals
Suatu hari Dikala kita duduk ditepi pantai Dan memandang ombak dilautan yang kian menepi Burung camar terbang Bermain diderunya air Suara alam ini Hangatkan jiwa kita Sementara Sinar surya perlahan mulai tenggelam Suara gitarmu Mengalunkan melodi tentang cinta Ada hati Membara erat bersatu Getar seluruh jiwa Tercurah saat itu Kemesraan ini Janganlah cepat berlalu Kemesraan ini Inginku kenang selalu Hatiku damai Jiwaku tentram di samping mu Hatiku damai Jiwa ku tentram Bersamamu Sementara Sinar surya perlahan mulai tenggelam Suara gitarmu Mengalunkan melodi tentang cinta Ada hati Membara erat bersatu Getar seluruh jiwa Tercurah saat itu Kemesraan ini Janganlah cepat berlalu Kemesraan ini Inginku kenang selalu Hatiku damai Jiwaku tentram di samping mu Hatiku damai Jiwa ku tentram Bersamamu Kemesraan ini Janganlah cepat berlalu Kemesraan ini Inginku kenang selalu Hatiku damai Jiwaku tentram di samping mu Hatiku damai Jiwa ku tentram Bersamamu;sedih;Kemesraan;Iwan Fals
Untukmu yang duduk sambil diskusi Untukmu yang biasa bersafari Di sana di gedung DPR Wakil rakyat kumpulan orang hebat Bukan kumpulan teman-teman dekat Apalagi sanak famili Di hati dan lidahmu kami berharap Suara kami tolong dengar lalu sampaikan Jangan ragu jangan takut karang menghadang Bicaralah yang lantang jangan hanya diam Di kantong safarimu kami titipkan Masa depan kami dan negeri ini Dari Sabang sampai Merauke Saudara dipilih bukan dilotre Meski kami tak kenal siapa saudara Kami tak sudi memilih para juara Juara diam juara he-eh juara hahaha Untukmu yang duduk sambil diskusi Untukmu yang biasa bersafari Di sana di gedung DPR Di hati dan lidahmu kami berharap Suara kami tolong dengar lalu sampaikan Jangan ragu jangan takut karang menghadang Bicaralah yang lantang jangan hanya diam Wahai sahabat Wakil rakyat seharusnya merakyat Jangan tidur waktu sidang soal rakyat Wakil rakyat bukan paduan suara Hanya tahu nyanyian lagu setuju Wakil rakyat seharusnya merakyat Jangan tidur waktu sidang soal rakyat Wakil rakyat bukan paduan suara Hanya tahu nyanyian lagu setuju Wakil rakyat seharusnya merakyat Jangan tidur waktu sidang soal rakyat Wakil rakyat bukan paduan suara Hanya tahu nyanyian lagu setuju Wakil rakyat seharusnya merakyat Jangan tidur waktu sidang soal rakyat Wakil rakyat bukan paduan suara Hanya tahu nyanyian lagu setuju Wakil rakyat seharusnya merakyat Jangan tidur waktu sidang soal rakyat Wakil rakyat bukan paduan suara Hanya tahu nyanyian lagu setuju Wakil rakyat seharusnya merakyat Jangan tidur waktu sidang soal rakyat Wakil rakyat bukan paduan suara Hanya tahu nyanyian lagu setuju Wakil rakyat seharusnya merakyat Jangan tidur waktu sidang soal rakyat Bukan paduan suara Hanya tahu nyanyian lagu setuju;marah;Surat Buat Wakil Rakyat;Iwan Fals
Denting piano Kala jemari menari Nada merambat pelan Di kesunyian malam Saat datang rintik hujan Bersama sebuah bayang Yang pernah terlupakan Hati kecil berbisik Untuk kembali padanya Seribu kata menggoda Seribu sesal di depan mata Seperti menjelma Waktu aku tertawa Kala memberimu dosa Oh maafkanlah Oh maafkanlah Rasa sesal di dasar hati Diam tak mau pergi Haruskah aku lari dari kenyataan ini Pernah ku mencoba tuk sembunyi Namun senyummu tetap mengikuti Hati kecil berbisik Untuk kembali padanya Seribu kata menggoda Seribu sesal di depan mata Seperti menjelma Waktu aku tertawa Kala memberimu dosa Rasa sesal di dasar hati Diam tak mau pergi Haruskah aku lari dari kenyataan ini Pernah ku mencoba tuk sembunyi Namun senyummu tetap mengikuti Rasa sesal di dasar hati Diam tak mau pergi Haruskah aku lari dari kenyataan ini Pernah ku mencoba tuk sembunyi Namun senyummu tetap mengikuti Rasa sesal di dasar hati Diam tak mau pergi Haruskah aku lari dari kenyataan ini Pernah ku mencoba tuk sembunyi Namun senyummu tetap mengikuti;sedih;Yang Terlupakan;Iwan Fals
Lihat senyum manis diatas bibir bergincu Kerdip mata merayu jelas coba mengganggu Tawa renyah terpasang bukan tanpa tujuan Satu korban terjerat itulah harapan Wangi parfum semerbak membius pusat syaraf Hadirkan bayangan tuk lepas keresahan Bergejolak semua coba berontak Ketika tak kuasa langsung kulari mengelak Ah entah sampai kapan Kau mampu bertahan Hindari kenyataan entah sampai kapan Kau mampu bertahan Mungkin kau terfikir lepas belenggu hitam Hidup memang selalu penuh dengan warna – warni Bila terjebak sulit untuk coba keluar Semua pasti ada jalan keluar Cobalah berusaha Ah entah sampai kapan Kau mampu bertahan hindari kenyataan entah sampai kapan Mungkinkah terpikir lepas belenggu hitam;santai;Genit;Tipe-X
Saat bulan purnama bersinar Terangi malamku teringat padamu Dan kukirimkan salam tentang rasa rinduku Bersama angin malam kusetia menunggu Mimpikan mimpikan aku oh sayangku Peluk erat hati ini dan jagalah selalu Dan kan kudendangkan lagu ini untukmu Dengarlah Dengarlah sayang Ingatlah saat kita bersama Kau pegang tanganku kutatap matamu Semua terasa indah tak seorangpun mengganggu Bersedih dan tertawa kita tetap bersatu Bintang benderang secerah hatiku Yang selalu terbayang kekasihku sayang Di setiap mimpimu ku kan selalu berdendang Dengarlah Dengarlah sayang Kuatkanlah dinding hati Janji kita tak akan pernah terbagi Biar malam terus berganti Yakinlah kau tetap bungaku Genggam erat hatiku ini Kan kuciptakan damai untukmu Biar bulan terus berlalu Yakinlah kau tetap bungaku Yakinlah kau tetap milikku Saat bulan purnama bersinar Terangi malamku teringat padamu Dan kukirimkan salam tentang rasa rinduku Dengarlah Oh dengarlah sayang Kuatkanlah dinding hati Janji kita tak akan pernah terbagi Biar malam terus berganti Yakinlah kau tetap bungaku Genggam erat hatiku ini Kan kuciptakan damai untukmu Biar bulan terus berlalu Yakinlah kau tetap bungaku Yakinlah kau tetap milikku Yakinlah yakinlah bungaku Sayangku;bersemangat;Salam Rindu;Tipe-X
Sakit hati Bikin sakit hati Semua ini terjadi berkali-kali Nggak pernah aku mengerti Mengapa begini? Masih saja kau selalu ingkari janji Cobalah rasakan apa yang kurasa Hati ini sakit dibohongi Setiap kali kau tebar ribuan janji Nggak pernah terbukti cuman mimpi Sakit hati Bikin sakit hati Semua ini terjadi berkali-kali Nggak pernah aku mengerti Mengapa begini? Masih saja kau selalu ingkari janji Kau taburkan bunga di angan-angan Hingga jiwa-ragaku melayang Saat semua kembali aku tersentak Yang kurasa hanyalah kecewa Sakit hati Bikin sakit hati Semua ini terjadi berkali-kali Nggak pernah aku mengerti Mengapa begini? Masih saja kau selalu ingkari janji Kau taburkan bunga di angan-angan Hingga jiwa-ragaku melayang Saat semua kembali aku tersentak Yang kurasa hanyalah kecewa Sakit hati Bikin sakit hati Semua ini terjadi berkali-kali Nggak pernah aku mengerti Mengapa begini? Masih saja kau selalu ingkari janji Sakit hati (sakit hati) Bikin sakit hati (sakit hati) Semua ini terjadi berkali-kali Nggak pernah aku mengerti Mengapa begini? Masih saja kau selalu ingkari janji;sedih;Sakit Hati;Tipe-X
Ku tatap dunia Terasa perih luka di dada Pertempuran manusia Yang buta indahnya perbedaan Oh indahnya Ku bisa engkaupun bisa Melupakan kebencian yang ada Bersama kita terluka Bersama kita bisa tertawa Dan tertawa Ayo bangun dunia di dalam perbedaan Jika satu tetap kuat kita bersinar Harus percaya tak ada yang sempurna Dan dunia kembali tertawa Bayangkan dan senyumlah Mahkota emas tiada artinya Ketika raja dan ratu Memimpin dunia semua bersatu Dan bersatu Ayo bangun dunia di dalam perbedaan Jika satu tetap kuat kita bersinar Harus percaya tak ada yang sempurna Dan dunia kembali tertawa Jabat erat tanganku kawan Kau tak akan pernah sendiri Hancurkan dendam dengan cinta di dada Untuk semua manusia Ayo bangun dunia di dalam perbedaan Jika satu tetap kuat kita bersinar Harus percaya tak ada yang sempurna Dan dunia kembali tertawa Ayo bangun dunia di dalam perbedaan Jika satu tetap kuat kita bersinar Harus percaya tak ada yang sempurna Dan dunia kembali tertawa Ayo bangun dunia di dalam perbedaan Jika satu tetap kuat kita bersinar Harus percaya tak ada yang sempurna Dan dunia kembali tertawa;bersemangat;Kuat Kita Bersinar;Superman Is Dead
do do do do do (Re) - re re re re re re (Mi) - mi mi mi mi (Fa) - fa fa fa fa fa fa doakan 'ku harus pergi (Re) - relakan aku di sini (Mi) - misalnya aku 'kan pulang (Fa) - fastikan kau tetap menunggu (Sol) - soal cinta luar biasa (La) - lama-lama bisa gila (Si) - siapa yang tahu pasti (Do) - doakan aku di sini A-du-du-duh-duh aku percaya Kali ini kau pasti bisa yeah Ku-ku-kutanya ada yang salah Jelas ini luar biasa Hal yang baik tidak mudah Tak seperti kau bicara Mereka mengerti Ini terlalu jadi masalah Ketika kau mulai bisa Terbiasa untuk dapat menikmati Hari-hari tanpaku di sini doakan 'ku harus pergi (Re) - relakan aku di sini (Mi) - misalnya aku 'kan pulang (Fa) - fastikan kau tetap menunggu (Sol) - soal cinta luar biasa (La) - lama-lama bisa gila (Si) - siapa yang tahu pasti (Do) - doakan aku di sini Hal yang baik tidak mudah Tak seperti kau bicara Mereka mengerti Ini terlalu jadi masalah Ketika kau mulai bisa Terbiasa untuk dapat menikmati Hari-hari tanpaku di sini doakan 'ku harus pergi (Re) - relakan aku di sini (Mi) - misalnya aku 'kan pulang (Fa) - fastikan kau tetap menunggu (Sol) - soal cinta luar biasa (La) - lama-lama bisa gila (Si) - siapa yang tahu pasti (Do) - doakan aku di sini Everybody sings it! doakan 'ku harus pergi (Re) - relakan aku di sini (Mi) - misalnya aku 'kan pulang (Fa) - fastikan kau tetap menunggu (Sol) - soal cinta luar biasa (La) - lama-lama bisa gila (Si) - siapa yang tahu pasti (Do) - doakan aku di sini Doakan 'ku harus pergi Relakan aku di sini Misalnya aku 'kan pulang Fa-fa-fastikan kau yang menunggu Soal cinta luar biasa Lama-lama bisa gila Siapa yang tahu pasti Doakan aku di sini;santai;Doremi;Budi Doremi
Aku mengerti perjalanan hidup yang kini kau lalui Ku berharap meski berat kau tak merasa sendiri Kau telah berjuang menaklukankan hari-hari mu yang tak mudah Biar ku menemanimu membasuh lelah mu Izinkan ku lukis senja Mengukir namamu di sana Mendengar kamu bercerita Menangis tertawa Biar ku lukis malam Bawa kamu bintang-bintang Tuk temanimu yang terluka Hingga kau bahagia Aku disini walau letih coba lagi jangan berhenti Ku berharap meski berat kau tak merasa sendiri Kau telah berjuang menaklukankan hari-hari mu yang tak indah Biar ku menemanimu membasuh lelah mu Izinkan ku lukis senja Mengukir namamu di sana Mendengar kamu bercerita Menangis tertawa Biar ku lukis malam Bawa kamu bintang-bintang Tuk temanimu yang terluka Hingga kau bahagia hah Izinkan ku lukis senja Mengukir namamu di sana Mendengar kamu bercerita Menangis tertawa Biar ku lukis malam Bawa kamu bintang-bintang Tuk temanimu yang terluka Hingga kau bahagia Tuk temanimu yang terluka Hingga kau bahagia;sedih;Melukis Senja;Budi Doremi
Mungkin inilah waktunya Mungkin inilah saatnya Aku mengerti rasa sesal Saat ada yang pergi menghilang Kau datang mengukir luka Yang sayang 'tuk dilupakan Kau pergi tanpa mengajarkan Cara 'tuk merelakanmu Usai sudah semua cerita Yang t'lah kita ukir berdua Meninggalkan dirimu adalah Hal terberat yang harus kujalani Aku memang kehilangan Kamu yang sangat kucintai Namun, kau telah kehilangan Aku yang sangat mencintaimu uh-oh Ku akan terus belajar 'tuk melupakan kamu Yang begitu mudah melupakanku Ho-oh Usai sudah semua cerita Yang t'lah kita ukir berdua Meninggalkan dirimu adalah Hal terberat yang harus kujalani Aku memang kehilangan Kamu yang sangat kucintai Namun, kau telah kehilangan Aku yang sangat mencintaimu oh-ho(Yang t'lah kita ukir berdua) uh-oh-uh-oh Meninggalkan dirimu adalah Hal terberat yang harus kujalani Aku memang kehilangan Kamu yang sangat kucintai Namun, kau telah kehilangan Aku yang sangat mencintaimu, hu-oh Aku yang sangat mencintaimu;sedih;Usai;Tiara Andini
Sakit rasanya putus cinta Sesaknya di dada Membuat kita jadi gegana Gelisah galau merana Mendingan kita happy aja Lupakan semua Marilah kita goyang bersama Goyang dumang  namanyaAyo goyang dumang Biar hati senang Pikiranpun tenang Galau jadi hilang Ayo goyang dumang Biar hati senang Semua masalah jadi hilang Ayo goyang dumang Biar hati senang Pikiranpun tenang Galau jadi hilang Ayo goyang dumang Biar hati senang Semua masalah jadi hilang Ayo goyang dumang Ayo goyang dumang Ayo goyang dumang Ayo goyang dumang Sakit rasanya putus cinta Sesaknya di dada Membuat kita jadi gegana Gelisah galau merana Mendingan kita happy aja Lupakan semua Marilah kita goyang bersama Goyang dumang namanya Ayo goyang dumang Biar hati senang Pikiranpun tenang Galau jadi  Hilang Ayo goyang dumang Biar hati senang Semua masalah jadi hilang Ayo goyang dumang Biar hati senang Pikiranpun tenang Galau jadi hilang Ayo goyang dumang Biar hati senang Semua masalah jadi hilang Ayo goyang dumang;bersemangat;Goyang Dumai;Cita Citata
Kau dan aku tercipta oleh waktu Hanya untuk saling mencintai Mungkin kita ditakdirkan bersama Merajut kasih, menjalin cinta Berada di pelukanmu, mengajarkanku Apa artinya kenyamanan, kesempurnaan cinta Berdua bersamamu, mengajarkanku Apa artinya kenyamanan, kesempurnaan cinta Kau dan aku (kau dan aku) tercipta oleh waktu Hanya untuk saling mencintai Mungkin kita ditakdirkan bersama Merajut kasih, menjalin cinta Berada di pelukanmu, mengajarkanku Apa artinya kenyamanan, kesempurnaan cinta Berdua bersamamu, mengajarkanku Apa artinya kenyamanan, kesempurnaan cinta Tak pernah terbayangkan olehku (tak terbayangkan olehku) Bila kautinggalkan aku Hancurlah hatiku Musnah harapanku, Sayang, ha-ah-ah Berada di pelukanmu, mengajarkanku Apa artinya kenyamanan, kesempurnaan cinta Berada di pelukanmu, mengajarkanku Apa artinya kenyamanan, kesempurnaan cinta Berdua bersamamu, mengajarkanku Apa artinya kenyamanan, kesempurnaan cinta Hu-hu-uh Ho-ho-oh Ho-ho-ho-oh;romantis;Kesempurnaan Cinta;Rizky Febian
Aku kesal dengan jarak Yang sering memisahkan kita Hingga aku hanya bias Berbincang denganmu di whatsapp Aku kesal dengan waktu Yang tak pernah berhenti bergerak Barang sejenak agar ku bias Menikmati tawamu Ingin ku berdiri di sebelahmu Menggenggam erat jari-jarimu Mendengarkan lagu sheila on 7 Seperti waktu itu saat kau di sisiku Dan tunggulah ku di sana Memecahkan celengan rinduku Berboncengan denganmu mengelilingi kota Menikmati surya perlahan menghilang Hingga kejamnya waktu Menarik paksa kau dari pelukku Lalu kita kembali menabung rasa rindu Saling mengirim doa sampai nanti sayangku Jangan matikan hapemu Kau tahu aku benci khawatir Saat kau tak mengabari Aku tak suka bertanya Tanya Ingin ku bakar dia yang sering Mention mentionan denganmu di twitter Namun kau selalu menyakinkanku Ku tumbukan rasa percaya Bukan rasa curiga Dan tunggulah ku di sana Memecahkan celengan rinduku Berboncengan denganmu mengelilingi kota Menikmati surya perlahan menghilang Hingga kejamnya waktu Menarik paksa kau dari pelukku Lalu kita kembali menabung rasa rindu Saling mengirim doa sampai nanti sayangku Paparapa paparapa paparapaparapapa Paparapa pararararararara hingga kita bertemu;romantis;Celengan Rindu;Fiersa Besari
Masa-masa naik bis kota Dengan wajah yang sama Terbesit bisikan di kepala Keraguan yang kau rasa Asam garam ku rasakan Liar kucing terbengkalai Halte tua tak beralaskan Melihat tubuhnya terkulai Birama kehidupan mu sedang kacau Adakalanya berhenti bersandiwara Tak sekalipun ku meragukan mu Kau pemeran utama di sebuah opera Masa-masa naik bis kota Dengan wajah yang sama Terbesit bisikan di kepala Keraguan yang kau rasa Asam garam ku rasakan Liar kucing terbengkalai Halte tua tak beralaskan Melihat tubuhnya terkulai Birama kehidupan mu sedang kacau Adakalanya berhenti bersandiwara Tak sekalipun ku meragukan mu Kau pemeran utama di sebuah opera Masa-masa naik bis kota Dengan wajah yang sama Terbesit bisikan di kepala Keraguan yang kau rasa Asam garam ku rasakan Liar kucing terbengkalai Halte tua tak beralaskan Melihat tubuhnya terkulai Birama kehidupan mu sedang kacau Adakalanya tersenyum bersandiwara Tak sekalipun ku meragukan mu Kau pemeran utama di sebuah opera Kau pemeran utama di sebuah opera;romantis;Kau Pemeran Utama Di Sebuah Opera;The Jansen
Merangkai langit dan samuderanya Cahaya lama mu, kau bercanda Rasi dan bintang nya Seratus juta tahun terlewatkan Ku ingin melukis semesta Menuju garis tak terhingga Ku ingin merubah dimensi Mengorbit melintas galaksi Langit tak seharusnya biru Putih tak seharusnya cahaya Ramalan dan mesin waktu Seratus kata aku percaya, aku percaya Merangkai langit dan samuderanya Cahaya lama mu, kau bercanda Rasi dan bintang nya Seratus juta tahun terlewatkan Ku ingin melukis semesta Menuju garis tak terhingga Ku ingin merubah dimensi Mengorbit melintas galaksi Langit tak seharusnya biru Putih tak seharusnya cahaya Ramalan dan mesin waktu Seratus kata aku percaya, aku percaya Merangkai langit dan samuderanya Cahaya lama mu, kau bercanda Rasi dan bintang nya Seratus juta tahun terlewatkan Ku ingin melukis semesta Menuju garis tak terhingga Ku ingin merubah dimensi Mengorbit melintas galaksi Langit tak seharusnya biru Putih tak seharusnya cahaya Ramalan dan mesin waktu Seratus kata aku percaya, aku percaya;santai;Langit Tak Seharusnya Biru;The Jansen
Ayah disini ku sendirian Merenungi kata yang dulu kau berikan Betapa beratnya hidup ku rasakan Ingin ku bertemu katakana Ayah tolong beritahu Ibu Ingin memeluknya tapi aku malu Malu jika ku hanya bisa mengeluh Maafkan aku Ayah Ibu Suatu saat nanti kan ku gantikan tugasmu Ayah Doakan aku Ibu, restumu sertai langkahku Ayah dengarkanlah bahagia pasti datang percayalah Ibu engkau kuatkan aku Ibu jangan khawatirkan aku Ku bukan si kecil yang slalu dimanja Ibu Aku si pemberani harapan Ibu Ibu tolong percaya Ayah katakan pada Ibu Ku bisa melewati semua pahitku Meskipun kenyataannya Ayah tahu Ayah engkau penyelamatku Suatu saat nanti kan ku gantikan tugasmu Ayah Doakan aku Ibu, restumu sertai langkahku Ayah dengarkanlah bahagia pasti datang percayalah Ibu engkau kuatkan aku Suatu saat nanti kan ku gantikan tugasmu Ayah Doakan aku Ibu, restumu sertai langkahku Ayah dengarkanlah bahagia pasti datang percayalah Ayah engkau penyelamatku Ibu engkau kuatkan aku;sedih;Ayah Ibu;Karna Mereka
"Inilah Radio Revolusi Indonesia Mempersembahkan sebuah langgam nostalgia Andai ku malaikat, kupotong sayapku Dan rasakan perih di dunia bersamamu Perang 'kan berakhir, cinta 'kan abadi Di tanah anarki, romansa terjadi Desing peluru tak bertuan Hari-hari yang tak benderang Setiap detik nyawa ini Kupertahankan untukmu Alasanku ada di sini Dan parasmu yang kurindukan Di neraka 'kan kumenangkan Hariku bersamamu Andai ku malaikat, kupotong sayapku Dan rasakan perih di dunia bersamamu Perang 'kan berakhir, cinta 'kan abadi Di tanah anarki, romansa terjadi Dalam gelisah, ku menunggu (ha-ah) Berita tentang gerilyamu (ha-ah) Semerbak rindu kuasai Udara panas ini Sepucuk surat telah tiba Dan senja pun ikut berdebar Kalimat indah dan kisahmu Tentang perang dan cinta Andai ku malaikat, kupotong sayapku Dan rasakan perih di dunia bersamamu Perang 'kan berakhir, cinta 'kan abadi Di tanah anarki, romansa terjadi Kubasuh luka dengan air mata Oh, hatimu beku serta jiwamu yang lelah Tak henti lawan dunia Dengan mimpi besar untuk cinta Dan jalan untuk pulang Di ujung waktu 'kan ada cahaya Itulah aku Raihlah mimpimi Andai ku malaikat, kupotong sayapku Dan rasakan perih di dunia bersamamu Perang 'kan berakhir, cinta 'kan abadi Di tanah anarki, romansa terjadi Andai ku malaikat, kupotong sayapku Dan rasakan perih di dunia bersamamu Perang 'kan berakhir, cinta 'kan abadi Di tanah anarki, romansa terjadi Itulah aku Raihlah mimpimu;romantis;Sunset Di Tanah Anarki;Superman Is Dead

";romantis;Sunset Di Tanah Anarki;Superman Is Dead
Teringat masa kecilku Kau peluk dan kau manja Indahnya saat itu Buatku melambung Di sisimu terngiang Hangat napas segar harum tubuhmu Kau tuturkan segala Mimpi-mimpi serta harapanmu Kau ingin ku menjadi Yang terbaik bagimu Patuhi perintahmu Jauhkan godaan Yang mungkin kulakukan Dalam waktu ku beranjak dewasa Jangan sampai membuatku Terbelenggu, jatuh, dan terinjak Tuhan, tolonglah Sampaikan sejuta sayangku untuknya Ku t'rus berjanji Takkan khianati pintanya Ayah, dengarlah Betapa sesungguhnya ku mencintaimu 'Kan kubuktikan Ku mampu penuhi maumu Andaikan detik itu 'Kan bergulir kembali Kurindukan suasana Basuh jiwaku Membahagiakan aku Yang haus akan kasih dan sayangmu 'Tuk wujudkan segala Sesuatu yang pernah terlewati;romantis;Yang Terbaik Untukmu;Ada Band
Sudah jangan ke jatinangor Ia sudah ada yang punya Lebih baik diam disini Temani aa bernyanyi disini Demi cinta engkau berikan Buku buku dan cindera mata Demi cinta engkau praktekan Buku taktik menguasai wanita Ini asmara itu asrama In harmonia progression Sudah jangan ke jatinangor Masih ada kota lainnya Perempuan tak cuma dia Ada tiga milyar dua puluh satu Ini asmara itu asrama In harmonia progression;romantis;Sudah Jangan Ke Jatinangor;Pidi Baiq
Jangan tanyakan perasaanku Jika kau pun tak bisa beralih Dari masa lalu yang menghantuimu Karena sungguh ini tidak adil Bukan maksudku menyakitimu Namun tak mudah 'tuk melupakan Cerita panjang yang pernah aku lalui Tolong yakinkan saja raguku Pergi saja, engkau pergi dariku Biar kubunuh perasaan untukmu Meski berat melangkah Hatiku hanya tak siap terluka Beri kisah kita sedikit waktu Semesta mengirim dirimu untukku Kita adalah rasa yang tepat;sedih;Waktu Yang Salah;Fiersa Besari
Hei gadis bermata cokelat Di hatiku kau acrobat Jantungku berdegup cepat Setiap senyummu terlihat Kau bagai sebuah candu Membuatku selalu rindu Ku menggubah nada syahdu Maaf bila kurang merdu Begini liriknya Kau ingin diet Tapi kubilang aku saja yang menggemukkan badan;romantis;Bukan Lagu Valentine;Fiersa Besari
Bolehkah kita mengulang Masa-masa indah itu? 'Ku tak mengerti apa yang terjadi hingga berakhir Bagaimanakah kabarmu? Berhasilkah lupakanku? Diriku yang bodoh ini masih mendamba hadirmu Waktu kau sedih 'ku di sini Waktu kau senang kau di mana? Sebelum dirimu pergi Dan janjimu hilang arti Lihatlah perjuanganku Namun jika memang harus Berakhir sampai di sini Biar 'ku berharap dengan Hati yang keras kepala Aku rindu kau yang dulu Dan obrolan kecil kita Kini bagai dua orang asing tidak saling Tanya;sedih;Nadir;Fiersa Besari
Yang tak bisa terobati Biarlah Mengering sendiri Menghias tubuh dan Yang mengevaluasi Ragamu Hanya kau sendiri Mereka tak mampu Melewat yang telah kau lewati Tiap berganti hari Rintangan yang kau hadapi Masalah yang mengeruh Perasaan yang rapuh Ini belum separuhnya Biasa saja Kamu tak apa Yang selalu ingin ambil peran Hanya berlomba menjadi lebih Sedih dari dirimu Muak dikesampingkan Disamakan Hatimu terluka, sempurna Masalah yang mengeruh Perasaan yang rapuh Ini belum separuhnya Biasa saja Kamu tak apa Perjalanan yang jauh Kau bangun untuk bertaruh Hari belum selesai Biasa saja Kamu tak apa Bilas muka, gosok gigi, evaluasi Tidur sejenak menemui esok pagi Walau pedih 'ku bersamamu kali ini 'Ku masih ingin melihatmu esok hari;bersemangat;Evaluasi;Hindia
Menyesal tak kusampaikan Cinta monyetku ke Kanya dan Rebecca Apa kabar kalian di sana Semoga hidup baik-baik saja Tak belajar terkena getahnya Saat bersama Thanya dan Saphira Kupercaya mungkin bukan jalannya Namun kalian banyak salah juga Jika dahulu ku tak cepat berubah Ini maafku untukmu Sharfina Segala doa yang baik adanya Untukmu dan mimpimu yang mulia Pindah berkala rumah ke rumah Berharap bisa berujung indah Walau akhirnya harus berpisah Trima kasih karna ku tak mudah Pindah berkala rumah ke rumah Berharap bias berujung indah Walau akhirnya harus berpisah Trima kasih karna ku tak mudah;santai;Rumah ke Rumah;Hindia
Alarm jam delapan pagi Karena jam sepuluh kau isi absensi Kau bangunkan aku setiap hari Rute yang sama, ulangi lagi Makan malam bersama di Gancy Hanya bersama di lima hari Sering berpisah, di akhir pecan Kau dengan teman-teman Aku bermain peran Mulai mempertanyakan Siapa yang salah benar Dulu bersama, berburu property Dulu antar jemput, sekarang pulang sendiri Di kehidupan, kita singgah dan pergi Apapun yang terjadi, kita abadi Di masa lalu, didalam buku Dalam sejarah, kita masih indah Walau parau perih di lagu yang lain Di melodi ini bersyukur pernah terjadi Taman yang luas, seekor corgi Kita beri nama Gimli Ku antar jemput anak setiap pagi Di kehidupan yang lain Ukuran sepatumu Pantangan dan dietmu Masih berguna Di masa lalu;santai;Apapun Yang Terjadi;Hindia
Kapan terakhir kali kamu dapat tertidur tenang (renggang) Tak perlu memikirkan tentang apa yang akan datang di esok hari Tubuh yang berpatah hati bergantung pada gaji Berlomba jadi asri mengais validasi Dan aku pun terhadir Seakan paling mahir Menenangkan dirimu Yang merasa terpinggirkan dunia Tak pernah adil Kita semua gagal Angkat minumanmu Bersedih bersama sama Ah ah ah ah Sia-sia pada akhirnya Putus asa terekam pedih semua Masalahnya lebih dari yang secukupnya Rekam gambar dirimu yang terabadikan bertahun silam Putra putri sakit hati Ayah Ibu sendiri Komitmen lama mati hubungan yang menyepi;bersemangat;Secukupnya;Hindia
Cantik Ingin rasa hati berbisik Untuk melepas keresahan Dirimu O cantic Bukan kuingin mengganggumu Tapi apa arti merindu Selalu (ow) Walau mentari terbit di utara Hatiku hanya untukmu Ada hati yang termanis dan penuh cinta Tentu saja kan kubalas seisi jiwa Tiada lagi Tiada lagi yang ganggu kita Ini kesungguhan Sungguh aku sayang kamu Cantik Bukan kuingin mengganggumu Tapi apa arti merindu Selalu (ow) Walau mentari terbit di utara Hatiku hanya untukmu Ada hati yang termanis dan penuh cinta Tentu saja kan kubalas seisi jiwa Tiada lagi Tiada lagi yang ganggu kita Ini kesungguhan Sungguh aku sayang kamu Ingin ku berjalan menyusuri cinta Cinta yang abadi untukmu selamanya;romantis;Cantik;Kahitna
Tak pernah kusangka ini terjadi Kisah cinta yang suci ini Kau tinggalkan begitu saja Sekian lamanya kita berdua Tak kusangka begitu cepat berlalu Tuk mencari kesombongan diri Lupa segala yang pernah kau ucapkan Kau tinggalkan daku Pergilah kasih kejarlah keinginanmu Selagi masih ada waktu Jangan hiraukan diriku Aku rela berpisah demi untuk dirimu Semoga tercapai segala keinginanmu Tak kusangka begitu cepat berlalu Tuk mencari kesombongan diri Lupa segala yang pernah kau ucapkan Kau tinggalkan daku Pergilah kasih kejarlah keinginanmu Selagi masih ada waktu Jangan hiraukan diriku Aku rela berpisah demi untuk dirimu Semoga tercapai segala keinginanmu;sedih;Pergilah Kasih;Chrisye
Wo-wo-wo-wo Ah-ya-ya-ya-ya, ya-ya Wo-wo-wo-wo Ah-ya-ya-ya-ya, ya-ya Bukan aku tak tertarik Dengan kata rayuanmu Saat matamu melirik Aku jadi suka padamu Tiap kali kau bermanja Gemetar rasa di dada Ingin kubisikkan cinta Tapi hati ini malu jadinya Engkau masih anak sekolah, satu SMA Belum tepat waktu 'tuk begitu-begini Anak sekolah datang kembali Dua atau tiga tahun lagi Wo-wo-ah-ya, ya-ya Wo-wo-wo-wo Ah-ya-ya-ya-ya, ya-ya Bukan aku tak tertarik Dengan kata rayuanmu Saat matamu melirik Aku jadi suka padamu Tiap kali kau bermanja Gemetar rasa di dada Ingin kubisikkan cinta Tapi hati ini malu jadinya Engkau masih anak sekolah, satu SMA Belum tepat waktu 'tuk begitu-begini Anak sekolah datang kembali Dua atau tiga tahun lagi;bersemangat;Anak Sekolah;Chrisye
"Resah dan gelisah Menunggu di sini Di sudut sekolah Tempat yang kau janjikan Ingin jumpa denganku Walau mencuri waktu Berdusta pada guru Malu aku malu Pada semut merah Yang berbaris di dinding Menatapku curiga Seakan penuh tanya ""Sedang apa di sini?"" ""Menanti pacar, "" jawabku Sungguh aneh tapi nyata Takkan terlupa Kisah-kasih di sekolah Dengan si dia Tiada masa paling indah Masa-masa di sekolah Tiada kisah paling indah Kisah-kasih di sekolah";santai;Kisah Kasih Disekolah;Chrisye
Andai aku bias Memutar kembali Waktu yang t'lah berjalan 'Tuk kembali bersama Di dirimu s'lamanya Bukan maksud aku Membawa dirimu Masuk terlalu jauh Ke dalam kisah cinta Yang tak mungkin terjadi Dan aku tak punya hati Untuk menyakiti dirimu Dan aku tak punya hati 'tuk mencintai Dirimu yang s'lalu mencintai diriku Walau kau tahu diriku masih bersamanya;sedih;Andai Aku Bisa;Chrisye
Begini nasib jadi bujangan Ke mana mana asalkan suka Tiada orang yang melarang Hati senang walaupun tak punya uang Hati senang walaupun tak punya uang Apa susahnya hidup bujangan Setiap hari hanya bernyanyi Tak pernah hatinya bersedih;santai;Bujangan;Koes Plus
Di gunung tinggi 'ku temui Gadis manis putri paman petani Cantik, menarik, menawan hati Diana namanya, manja sekali Waktu aku mengikat janji 'Ku belikan cincin bermata jeli Tapi apa yang 'ku alami? Paman petani marah, 'ku dibenci Diana, Diana, kekasihku Bilang pada orang tuamu Cincin yang bermata jeli itu Tanda cinta, kasih untukmu Waktu aku mengikat janji 'Ku belikan cincin bermata jeli Tapi apa yang 'ku alami? Paman petani marah, 'ku dibenci;bersemangat;Diana;Koes Plus
Bukan lautan hanya kolam susu Kail dan jalan cukup menghidupimu Tiada badai tiada topan kau temui Ikan dan udang menghampiri dirimu Orang bilang tanah kita tanah surge Tongkat kayu dan batu jadi tanaman Orang bilang tanah kita tanah surge Tongkat kayu dan batu jadi tanaman;santai;Kolam Susu;Koes Plus
Menebas terali terkurung api Terlahir telanjang tanpa senjata Meradang meluka dirantai dogma Memanggil badai runtuhkan kekang Berderap serentak tanpa seragam Tak pernah henti berkarat Wouooo ... Kamilah kutukan peradaban Wouooo ... Kamilah suara yang terlupakan Wouooo ... Kamilah bayang sempurna Yang tak pernah kau temukan!;marah;Belati Tuhan;Superman Is Dead
Kadang ku kesal dengan sikapmu Yang s'lalu bertanya mana perhatianku Mungkin kau tak pernah merasakan Apa yang kulakukan di setiap pengorbananku S'lalu jadi yang kaumau Menjaga di setiap saat Tapi kau tak melihatnya Mana ada aku cuek Apalagi nggak mikirin kamu Tiap pagi-malam, ku s'lalu Memikirkan kamu Bukalah pintu hatimu Agar kau tahu isi hatiku Semua perjuanganku Tertuju padamu Mungkin kau Tak pernah merasakan Apa yang kulakukan Di setiap pengorbananku;santai;Cuek;Rizky Febrian
Ketika siapa saja sendirian Berdiam diri tak ada hiburan Jika kau merasakan kesepian Datang kemari kita senang-senang Semua berdiri, waktunya beraksi Penindasan kekerasaan gak jaman Kami datang membawa perdamaian Ciptakan suasana tak terlupakan Lantangkan suaramu dan teriakkan Alunan distorsi, kotak pun beraksi Yang ada di sana, yang ada di sini Semua ikut bernyanyi Hey, yang datang di sini Jangan bikin keki Bikin suasana happy;bersemangat;Beraksi;Kotak
